Product Name,Sale Price,Actual Price,Ratings,Offer,Number of Ratings,Number of Reviews
"REDMI 10 Power (Power Black, 128 GB)","₹12,799",Same as Sale Price,4.1,No Offer,488, 32
"REDMI 10A (Charcoal Black, 64 GB)","₹8,150",Same as Sale Price,4.2,No Offer,"7,509", 476
"REDMI 10A (Slate grey, 64 GB)","₹8,688",Same as Sale Price,4.2,No Offer,"7,509", 476
"REDMI 10A (Sea Blue, 64 GB)","₹8,798","₹8,899",4.2,1% off,"7,509", 476
"REDMI 10 Power (Sporty Orange, 128 GB)","₹13,200",Same as Sale Price,4.1,No Offer,488, 32
"Redmi Note 11 PRO Plus 5G (Stealth Black, 128 GB)","₹20,312",Same as Sale Price,4.2,No Offer,"5,281", 456
"Redmi Note 11 PRO Plus 5G (Mirage Blue, 128 GB)","₹21,499",Same as Sale Price,4.2,No Offer,"5,281", 456
"REDMI Note 11T 5G (Aquamarine Blue, 128 GB)","₹17,490",Same as Sale Price,4.2,No Offer,"5,387", 438
"Redmi 9A Sport (Metallic Blue, 32 GB)","₹7,170",Same as Sale Price,4.2,No Offer,"5,850", 437
"Redmi Note 11 (Space Black, 64 GB)","₹14,399",Same as Sale Price,4.2,No Offer,"9,051", 715
"Xiaomi 11i Hypercharge 5G (Purple Mist, 128 GB)","₹28,999","₹33,999",4.2,14% off,"6,416", 718
"REDMI 10A (Slate Grey, 32 GB)","₹7,629",Same as Sale Price,4.1,No Offer,"1,533", 103
"REDMI 10A (Charcoal Black, 32 GB)","₹7,995","₹8,600",4.1,7% off,"1,533", 103
"Redmi Note 11 PRO Plus 5G (Stealth Black, 128 GB)","₹19,790",Same as Sale Price,4.2,No Offer,"5,281", 456
"Redmi Note 11 (Starburst White, 64 GB)","₹13,489","₹13,989",4.2,3% off,"9,131", 840
"REDMI Note 11T 5G (Aquamarine Blue, 128 GB)","₹20,990",Same as Sale Price,4.3,No Offer,"2,839", 248
"Redmi Note 11 (Horizon Blue, 64 GB)","₹13,015","₹13,350",4.2,2% off,"9,051", 715
"Redmi Note 11 PRO Plus 5G (Stealth Black, 128 GB)","₹22,699",Same as Sale Price,4.2,No Offer,"2,551", 238
"REDMI Note 11T 5G (Matte black, 128 GB)","₹20,999",Same as Sale Price,4.3,No Offer,"2,839", 248
"Redmi 9A Sport (Coral Green, 32 GB)","₹6,770","₹6,820",4.1,No Offer,"24,289"," 1,855"
"Redmi Note 11 (Space Black, 128 GB)","₹14,499",Same as Sale Price,4.2,No Offer,"9,051", 715
"Redmi Note 11 (Space Black, 64 GB)","₹13,900",Same as Sale Price,4.2,No Offer,"9,051", 715
"Redmi Note 11 PRO Plus 5G (Phantom White, 128 GB)","₹21,499",Same as Sale Price,4.2,No Offer,"5,281", 456
"REDMI Note 11 Pro (Star blue, 128 GB)","₹18,390","₹19,840",4.2,7% off,963, 80
"Redmi Note 11 PRO Plus 5G (Mirage Blue, 128 GB)","₹20,780",Same as Sale Price,4.2,No Offer,"5,281", 456
"Xiaomi 11i Hypercharge 5G (Pacific Pearl, 128 GB)","₹28,999","₹33,999",4.2,14% off,"6,416", 718
"Xiaomi 11i 5G (Purple Mist, 128 GB)","₹24,999","₹29,999",4.2,16% off,"37,306"," 4,609"
"Redmi 9A Sport (Carbon Black, 32 GB)","₹7,048",Same as Sale Price,4.2,No Offer,"5,850", 437
"Redmi Note 11 PRO Plus 5G (Stealth Black, 128 GB)","₹20,998",Same as Sale Price,4.2,No Offer,"5,281", 456
"Xiaomi 11Lite NE (Vinyl Black, 128 GB)","₹24,490",Same as Sale Price,4.2,No Offer,"1,526", 167
"Xiaomi 11i Hypercharge 5G (Purple Mist, 128 GB)","₹26,999","₹31,999",4.2,15% off,"10,454"," 1,084"
"Redmi Note 9 Pro (Interstellar Black, 128 GB)","₹13,790","₹14,390",4.3,4% off,"26,623"," 1,827"
"Xiaomi 11i 5G (Stealth Black, 128 GB)","₹26,999","₹31,999",4.2,15% off,"20,305"," 2,574"
"REDMI 10 Power (Sporty Orange, 128 GB)","₹13,990",Same as Sale Price,4.1,No Offer,488, 32
"REDMI 10 Power (Power Black, 128 GB)","₹13,990",Same as Sale Price,4.1,No Offer,488, 32
"Xiaomi 11i Hypercharge 5G (Stealth Black, 128 GB)","₹26,999","₹31,999",4.2,15% off,"10,454"," 1,084"
"Redmi K20 (Pearl White, 64 GB)","₹21,499",Same as Sale Price,4.5,No Offer,"51,351"," 5,421"
"Redmi 9A Sport (Carbon Black, 32 GB)","₹7,999",Same as Sale Price,4.2,No Offer,"5,850", 437
"Mi A2 (Gold, 64 GB)","₹17,499",Same as Sale Price,4.2,No Offer,"34,800"," 2,908"
"�Note 11 (Starburst White, 64 GB)","₹12,299",Same as Sale Price,No Ratings,No Offer,No_Ratings,
"Redmi Note 11 (Starburst White, 64 GB)","₹13,790",Same as Sale Price,4.2,No Offer,"9,131", 840
"Redmi Note 11 PRO Plus 5G (Stealth Black, 128 GB)","₹22,199",Same as Sale Price,4.2,No Offer,"2,551", 238
"Redmi Note 11 PRO Plus 5G (Phantom White, 128 GB)","₹22,199",Same as Sale Price,4.2,No Offer,"2,551", 238
"Mi 11 Lite (Tuscany Coral, 128 GB)","₹21,980",Same as Sale Price,4.2,No Offer,"6,005", 612
"�Note 11 (Starburst White, 64 GB)","₹13,299",Same as Sale Price,No Ratings,No Offer,No_Ratings,
"Redmi 9A (Midnight Black, 32 GB)","₹7,849",Same as Sale Price,4.3,No Offer,"21,393"," 1,283"
"REDMI Note 11 Pro (Stealth Black, 128 GB)","₹19,990","₹22,999",4.2,13% off,963, 80
"10 Prime (Phantom Black, 64 GB)","₹11,999",Same as Sale Price,4.4,No Offer,114, 5
"REDMI NOTE 10 LITE (Glacier White, 128 GB)","₹13,870","₹15,290",4.3,9% off,522, 36
"Redmi 9A Sport (Coral Green, 32 GB)","₹7,970",Same as Sale Price,4.2,No Offer,"5,850", 437
"Mi 10T Pro (Lunar Silver, 128 GB)","₹29,990",Same as Sale Price,4.2,No Offer,"3,682", 552
"Redmi Go (Blue, 16 GB)","₹5,049","₹5,999",4.3,15% off,"1,67,651"," 13,194"
"Redmi 8A Dual (Sky White, 32 GB)","₹8,999",Same as Sale Price,4.2,No Offer,"18,219"," 1,189"
"Redmi Note 7S (Sapphire Blue, 32 GB)","₹11,999",Same as Sale Price,4.4,No Offer,"3,05,049"," 27,318"
"Redmi 8 (Emerald Green, 64 GB)","₹10,749","₹10,999",4.4,2% off,"9,42,112"," 67,058"
"Redmi 8A Dual (Midnight Grey, 32 GB)","₹8,999",Same as Sale Price,4.2,No Offer,"18,219"," 1,189"
"Redmi 8 (Ruby Red, 64 GB)","₹10,749","₹10,999",4.4,2% off,"9,42,112"," 67,058"
"Redmi Note 7S (Ruby Red, 32 GB)","₹11,999",Same as Sale Price,4.4,No Offer,"3,05,049"," 27,318"
"Mi 11 Lite (Vinyl Black, 128 GB)","₹20,890",Same as Sale Price,4.2,No Offer,"13,080"," 1,426"
"Redmi Note 11 (Space Black, 64 GB)","₹11,980","₹13,090",4.2,8% off,"9,131", 840
"Redmi 9A (Midnight Black, 32 GB)","₹8,490",Same as Sale Price,4.3,No Offer,"14,489", 911
"Xiaomi 11i Hypercharge 5G (Camo Green, 128 GB)","₹26,999","₹31,999",4.2,15% off,"10,454"," 1,084"
"Redmi 7A (Matte Blue, 32 GB)","₹6,999",Same as Sale Price,4.3,No Offer,"3,88,888"," 28,158"
"Mi 11 Lite (Jazz Blue, 128 GB)","₹21,999","₹25,999",4.2,15% off,"6,005", 612
"Mi 11 Lite (Vinyl Black, 128 GB)","₹18,990","₹19,990",4.2,5% off,"6,005", 612
"Mi 10T (Cosmic Black, 128 GB)","₹35,999","₹39,999",4.2,10% off,"4,018", 564
"Redmi Note 7 Pro (Blue, 64 GB)","₹15,999",Same as Sale Price,4.5,No Offer,"8,50,689"," 72,355"
"Redmi Note 7 Pro (Nebula Red, 64 GB)","₹15,999",Same as Sale Price,4.5,No Offer,"8,50,689"," 72,355"
"Redmi Note 7S (Onyx Black, 32 GB)","₹11,999",Same as Sale Price,4.4,No Offer,"3,05,049"," 27,318"
"Redmi Note 9 Pro (Interstellar Black, 64 GB)","₹14,879",Same as Sale Price,4.3,No Offer,"26,623"," 1,827"
"Mi 11X Pro 5G (Lunar White, 128 GB)","₹32,490",Same as Sale Price,4,No Offer,430, 34
"Xiaomi 11i Hypercharge 5G (Pacific Pearl, 128 GB)","₹26,999","₹31,999",4.2,15% off,"10,454"," 1,084"
"Mi 11 Lite (Jazz Blue, 128 GB)","₹21,999","₹25,999",4.2,15% off,"6,005", 612
"Mi 10T (Cosmic Black, 128 GB)","₹35,999","₹39,999",4.2,10% off,"4,018", 564
"Redmi Note 7 Pro (Blue, 64 GB)","₹15,999",Same as Sale Price,4.5,No Offer,"8,50,689"," 72,355"
"Redmi Note 7 Pro (Nebula Red, 64 GB)","₹15,999",Same as Sale Price,4.5,No Offer,"8,50,689"," 72,355"
"Redmi Note 9 Pro (Interstellar Black, 64 GB)","₹14,879",Same as Sale Price,4.3,No Offer,"26,623"," 1,827"
"Mi 11X Pro 5G (Lunar White, 128 GB)","₹32,490",Same as Sale Price,4,No Offer,430, 34
"Xiaomi 11i Hypercharge 5G (Pacific Pearl, 128 GB)","₹26,999","₹31,999",4.2,15% off,"10,454"," 1,084"
"Redmi 9 (Sporty Orange, 64 GB)","₹10,690","₹10,760",4.2,No Offer,"26,778"," 1,529"
"Mi 11X (Celestial Silver, 128 GB)","₹27,990",Same as Sale Price,4.2,No Offer,"2,331", 237
"Redmi K20 (Carbon Black, 64 GB)","₹22,899","₹22,999",4.5,No Offer,"51,351"," 5,421"
"Redmi 9 (Carbon Black, 64 GB)","₹9,280",Same as Sale Price,4.2,No Offer,"26,778"," 1,529"
"Xiaomi 12 Pro 5G (Noir Black, 256 GB)","₹50,699","₹79,990",4.2,36% off,111, 18
"Redmi K20 (Glacier Blue, 64 GB)","₹22,899","₹22,999",4.5,No Offer,"51,351"," 5,421"
"Redmi Note 7S (Onyx Black, 32 GB)","₹11,999",Same as Sale Price,4.4,No Offer,"3,05,049"," 27,318"
"Redmi 8 (Sapphire Blue, 64 GB)","₹10,749","₹10,999",4.4,2% off,"9,42,112"," 67,058"
"Redmi 6 (Gold, 32 GB)","₹8,949","₹8,999",4.4,No Offer,"5,59,362"," 40,503"
"Redmi Note 11 PRO Plus 5G (Mirage Blue, 256 GB)","₹24,999",Same as Sale Price,4.2,No Offer,"2,551", 238
"Redmi Y2 (Blue, 32 GB)","₹10,499",Same as Sale Price,4.5,No Offer,"1,21,474"," 8,082"
"Redmi 6 (Rose Gold, 32 GB)","₹8,949","₹8,999",4.4,No Offer,"5,59,362"," 40,503"
"Redmi Note 8 (Neptune Blue, 64 GB)","₹12,999",Same as Sale Price,4.4,No Offer,"55,886"," 3,943"
"Xiaomi 11i 5G (Pacific Pearl, 128 GB)","₹24,999","₹29,999",4.2,16% off,"37,306"," 4,609"
"Redmi Y2 (Dark Grey, 64 GB)","₹13,499",Same as Sale Price,4.4,No Offer,"27,443"," 1,926"
"Redmi Note 9 Pro (Aurora Blue, 128 GB)","₹15,999",Same as Sale Price,4.3,No Offer,"26,623"," 1,827"
"Redmi 9A (SeaBlue, 32 GB)","₹7,140","₹7,420",4.3,3% off,"21,393"," 1,283"
"Xiaomi 11Lite NE (Jazz Blue, 128 GB)","₹23,490",Same as Sale Price,4.2,No Offer,"3,209", 365
"Mi 10T (Cosmic Black, 128 GB)","₹37,999","₹42,999",4.1,11% off,"3,649", 461
"Redmi 9A Sport (Carbon Black, 32 GB)","₹8,250",Same as Sale Price,4.2,No Offer,"5,850", 437
"Redmi Note 7 Pro (Space Black, 128 GB)","₹14,049","₹16,999",4.5,17% off,"3,20,420"," 26,388"
"Redmi Note 4 (Black, 32 GB)","₹10,649","₹10,999",4.4,3% off,"6,42,199"," 1,10,373"
"Redmi Note 7 Pro (Nebula Red, 64 GB)","₹16,999",Same as Sale Price,4.5,No Offer,"3,20,420"," 26,388"
"Redmi 8A (Ocean Blue, 32 GB)","₹7,099","₹7,999",4.4,11% off,"1,61,497"," 11,177"
"Redmi 7A (Matte Gold, 32 GB)","₹6,999",Same as Sale Price,4.3,No Offer,"3,88,888"," 28,158"
"Mi 11X (Cosmic Black, 128 GB)","₹23,990",Same as Sale Price,4.2,No Offer,"2,772", 268
"Redmi Note 7 (Onyx Black, 32 GB)","₹12,949","₹12,999",4.4,No Offer,"1,32,379"," 14,160"
"Redmi 6 (Blue, 32 GB)","₹8,949","₹8,999",4.4,No Offer,"5,59,362"," 40,503"
"Redmi 6 (Black, 32 GB)","₹8,949","₹8,999",4.4,No Offer,"5,59,362"," 40,503"
"Redmi Note 8 (Moonlight White, 64 GB)","₹12,999",Same as Sale Price,4.4,No Offer,"55,886"," 3,943"
"Redmi 5A (Rose Gold, 32 GB)","₹6,999",Same as Sale Price,4.4,No Offer,"6,06,469"," 64,658"
"Redmi 5A (Gold, 32 GB)","₹6,999",Same as Sale Price,4.4,No Offer,"6,06,469"," 64,658"
"Xiaomi 11Lite NE (Tuscany Coral, 128 GB)","₹23,870","₹24,198",4.2,1% off,"3,209", 365
"Redmi Note 6 Pro (Rose Gold, 64 GB)","₹12,049","₹15,999",4.5,24% off,"6,25,673"," 53,406"
"Redmi Note 7S (Astro Moonlight White, 32 GB)","₹11,999",Same as Sale Price,4.4,No Offer,"3,05,049"," 27,318"
"10 Prime (Phantom Black, 128 GB)","₹13,470","₹15,800",4.5,14% off,33, 6
"Redmi Note 11S (Space Black, 128 GB)","₹16,999","₹21,900",4.2,22% off,724, 54
"Xiaomi 12 Pro 5G (Noir Black, 256 GB)","₹66,999",Same as Sale Price,4.2,No Offer,131, 18
"Redmi Note 11 PRO Plus 5G (PHANTOM WHITE, 256 GB)","₹24,999",Same as Sale Price,4.2,No Offer,"2,551", 238
"REDMI Note 11T 5G (Stardust White, 128 GB)","₹19,699",Same as Sale Price,4.3,No Offer,"2,839", 248
"Redmi 8A (Sunset Red, 32 GB)","₹8,999",Same as Sale Price,4.4,No Offer,"1,40,370"," 10,753"
"Xiaomi 11Lite NE (Tuscany Coral, 128 GB)","₹23,870","₹24,198",4.2,1% off,"3,209", 365
"Redmi Note 6 Pro (Rose Gold, 64 GB)","₹12,049","₹15,999",4.5,24% off,"6,25,673"," 53,406"
"Mi 11X Pro 5G (Celestial Silver, 128 GB)","₹34,990",Same as Sale Price,4,No Offer,430, 34
"Redmi Note 7S (Astro Moonlight White, 32 GB)","₹11,999",Same as Sale Price,4.4,No Offer,"3,05,049"," 27,318"
"Redmi Note 7 Pro (Neptune Blue, 64 GB)","₹16,999",Same as Sale Price,4.5,No Offer,"3,20,420"," 26,388"
"Redmi K20 (Carbon Black, 128 GB)","₹24,849","₹24,999",4.5,No Offer,"51,351"," 5,421"
"Xiaomi 11i 5G (Stealth Black, 128 GB)","₹24,999","₹29,999",4.2,16% off,"37,306"," 4,609"
"Redmi 9A Sport (Carbon Black, 32 GB)","₹7,084",Same as Sale Price,4.1,No Offer,"24,289"," 1,855"
"Redmi Note 7S (Moonlight White, 64 GB)","₹13,499","₹13,999",4.4,3% off,"4,22,139"," 34,084"
"Redmi K20 (Glacier Blue, 128 GB)","₹24,849","₹24,999",4.5,No Offer,"51,351"," 5,421"
"Redmi 9A Sport (Coral Green, 32 GB)","₹7,145",Same as Sale Price,4.1,No Offer,"24,289"," 1,855"
"Redmi 5A (Grey, 16 GB)","₹5,999","₹6,499",4.5,7% off,"12,32,814"," 1,51,229"
"Redmi 5A (Blue, 16 GB)","₹5,999",Same as Sale Price,4.5,No Offer,"12,32,814"," 1,51,229"
"Redmi Note 7S (Sapphire Blue, 64 GB)","₹13,499","₹13,999",4.4,3% off,"4,22,139"," 34,084"
"Redmi Note 7S (Onyx Black, 64 GB)","₹13,499","₹13,999",4.4,3% off,"4,22,139"," 34,084"
"Redmi Note 7S (Ruby Red, 64 GB)","₹13,499","₹13,999",4.4,3% off,"4,22,139"," 34,084"
"Redmi Note 4 (Black, 64 GB)","₹12,749","₹12,999",4.4,1% off,"13,41,623"," 2,11,791"
"Redmi K20 Pro (Flame Red, 128 GB)","₹28,999",Same as Sale Price,4.5,No Offer,"83,313"," 9,977"
"Redmi 6 (Gold, 64 GB)","₹10,449","₹10,499",4.4,No Offer,"5,59,362"," 40,503"
"Redmi Note 5 Pro (Gold, 64 GB)","₹14,999",Same as Sale Price,4.5,No Offer,"11,71,973"," 1,22,566"
"Mi A3 (More Than White, 128 GB)","₹17,499",Same as Sale Price,4.2,No Offer,"15,219"," 1,375"
"Redmi 7A (Matte Black, 32 GB)","₹6,999",Same as Sale Price,4.3,No Offer,"3,88,888"," 28,158"
"Redmi 4A (Gold, 32 GB)","₹6,999",Same as Sale Price,4.4,No Offer,"2,10,181"," 32,086"
"Redmi 5A (Gold, 16 GB)","₹5,999",Same as Sale Price,4.5,No Offer,"12,32,814"," 1,51,229"
"Redmi 8A (Ocean Blue, 32 GB)","₹7,549","₹8,999",4.4,16% off,"1,40,370"," 10,753"
"REDMI Note 11T 5G (Stardust White, 128 GB)","₹17,495","₹17,995",4.2,2% off,"5,387", 438
"REDMI Note 11 Pro (Phantom White, 128 GB)","₹18,389","₹18,689",4.2,1% off,963, 80
"Redmi 8A (Sunset Red, 32 GB)","₹7,099","₹7,999",4.4,11% off,"1,61,497"," 11,177"
"REDMI Note 11T 5G (Aquamarine Blue, 128 GB)","₹20,990",Same as Sale Price,4.3,No Offer,"2,839", 248
"Redmi Note 11 PRO Plus 5G (Mirage Blue, 128 GB)","₹22,499",Same as Sale Price,4.2,No Offer,"2,551", 238
"REDMI Note 11T 5G (Matte black, 128 GB)","₹17,199","₹20,199",4.3,14% off,"2,839", 248
"Redmi 6 (Blue, 64 GB)","₹10,449","₹10,499",4.4,No Offer,"5,59,362"," 40,503"
"REDMI Note 11 Pro (Stealth Black, 128 GB)","₹18,800","₹19,399",4.2,3% off,963, 80
"Redmi Note 5 (Black, 32 GB)","₹10,999",Same as Sale Price,4.4,No Offer,"3,54,616"," 43,025"
"Redmi Note 7 Pro (Space Black, 64 GB)","₹16,999",Same as Sale Price,4.5,No Offer,"3,20,420"," 26,388"
"Redmi K20 Pro (Glacier Blue, 128 GB)","₹28,999",Same as Sale Price,4.5,No Offer,"83,313"," 9,977"
"Redmi Note 7 Pro (Moonlight White, 64 GB)","₹15,999",Same as Sale Price,4.5,No Offer,"8,50,689"," 72,355"
"Redmi Note 8 (Cosmic Purple, 64 GB)","₹12,999",Same as Sale Price,4.4,No Offer,"55,886"," 3,943"
"10 Prime (Astral White, 64 GB)","₹12,999",Same as Sale Price,4.4,No Offer,114, 5
"Redmi Note 5 (Black, 64 GB)","₹11,999",Same as Sale Price,4.4,No Offer,"3,58,068"," 39,640"
"Mi 11X (Lunar White, 128 GB)","₹24,449","₹25,499",4.2,4% off,"2,772", 268
"Redmi Note 8 (Space Black, 64 GB)","₹12,999",Same as Sale Price,4.4,No Offer,"55,886"," 3,943"
"Redmi Note 4 (Gold, 64 GB)","₹12,749","₹12,999",4.4,1% off,"13,41,623"," 2,11,791"
"Redmi 8A (Midnight Black, 32 GB)","₹7,099","₹7,999",4.4,11% off,"1,61,497"," 11,177"
"Redmi Note 7 (Sapphire Blue, 64 GB)","₹14,999",Same as Sale Price,4.5,No Offer,"1,78,652"," 16,513"
"Mi 11X (Cosmic Black, 128 GB)","₹26,499",Same as Sale Price,4.2,No Offer,"2,331", 237
"REDMI Note 11 Pro (Phantom White, 128 GB)","₹21,840",Same as Sale Price,4.1,No Offer,620, 43
"Redmi 9A (Midnight Black, 32 GB)","₹8,490",Same as Sale Price,4.3,No Offer,"14,489", 911
"Redmi 9A (Nature Green, 32 GB)","₹7,889",Same as Sale Price,4.3,No Offer,"21,393"," 1,283"
"Redmi Note 5 (Gold, 64 GB)","₹11,999",Same as Sale Price,4.4,No Offer,"3,58,068"," 39,640"
"Redmi Note 7S (Ruby Red, 32 GB)","₹11,999",Same as Sale Price,4.4,No Offer,"3,05,049"," 27,318"
"Mi 11X (Lunar White, 128 GB)","₹25,990","₹26,890",4.2,3% off,"2,331", 237
"Redmi 6 (Black, 64 GB)","₹10,449","₹10,499",4.4,No Offer,"5,59,362"," 40,503"
"Redmi Note 5 Pro (Lake Blue, 64 GB)","₹14,999",Same as Sale Price,4.5,No Offer,"11,71,973"," 1,22,566"
"Xiaomi 12 Pro 5G (Opera Mauve, 256 GB)","₹54,999",Same as Sale Price,4.2,No Offer,111, 18
"Redmi 9A Sport (Carbon Black, 32 GB)","₹6,625","₹6,690",4.1,No Offer,"24,289"," 1,855"
"Mi A2 (Black, 64 GB)","₹17,499",Same as Sale Price,4.2,No Offer,"34,800"," 2,908"
"Redmi Note 5 Pro (Blue, 64 GB)","₹16,999",Same as Sale Price,4.5,No Offer,"2,59,743"," 25,224"
"Xiaomi 12 Pro 5G (Couture Blue, 256 GB)","₹59,999",Same as Sale Price,4.2,No Offer,111, 18
"Redmi Note 7 (Onyx Black, 32 GB)","₹12,949","₹12,999",4.4,No Offer,"1,32,379"," 14,160"
"Redmi 7 (Comet Blue, 32 GB)","₹7,939","₹8,990",4.3,11% off,"14,324"," 1,093"
"Redmi 5A (Grey, 32 GB)","₹6,999",Same as Sale Price,4.4,No Offer,"6,06,469"," 64,658"
"Mi 11X (Cosmic Black, 128 GB)","₹27,999",Same as Sale Price,4.2,No Offer,"2,331", 237
"Redmi 4A (Dark Grey, 32 GB)","₹6,999",Same as Sale Price,4.4,No Offer,"2,10,181"," 32,086"
"Redmi K20 Pro (Flame Red, 256 GB)","₹31,999",Same as Sale Price,4.5,No Offer,"15,333"," 2,059"
"Redmi Note 7 (Ruby Red, 64 GB)","₹14,999",Same as Sale Price,4.5,No Offer,"1,78,652"," 16,513"
"Xiaomi 11T Pro 5G Hyperphone (Meteorite Black, 256 GB)","₹53,990",Same as Sale Price,4.2,No Offer,171, 24
"Xiaomi 11T Pro 5G Hyperphone (Celestial Magic, 128 GB)","₹39,990",Same as Sale Price,4,No Offer,459, 55
"REDMI 9i Sport (Coral Green, 64 GB)","₹7,199","₹9,999",4.3,28% off,"2,07,886"," 11,974"
"REDMI Note 11 SE (Cosmic White, 64 GB)","₹11,499","₹16,999",4.3,32% off,"29,255"," 1,825"
"REDMI 9i Sport (Metallic Blue, 64 GB)","₹7,199","₹9,999",4.3,28% off,"2,07,886"," 11,974"
"REDMI 9i Sport (Carbon Black, 64 GB)","₹7,199","₹9,999",4.3,28% off,"2,07,886"," 11,974"
"REDMI 10 (Midnight Black, 64 GB)","₹9,499","₹14,999",4.3,36% off,"1,64,005"," 10,810"
"REDMI 10 (Pacific Blue, 64 GB)","₹9,499","₹14,999",4.3,36% off,"1,64,005"," 10,810"
"REDMI 10 (Caribbean Green, 128 GB)","₹11,999","₹16,999",4.2,29% off,"21,463"," 1,599"
"REDMI 10 (Pacific Blue, 128 GB)","₹11,999","₹16,999",4.2,29% off,"21,463"," 1,599"
"REDMI Note 10S (Frost White, 64 GB)","₹12,999","₹16,999",4.4,23% off,"82,670"," 5,626"
"REDMI 10 Prime (Phantom Black, 128 GB)","₹12,999","₹16,999",4.2,23% off,"10,036", 735
"REDMI 10A (Sea Blue, 64 GB)","₹8,980",Same as Sale Price,4.2,No Offer,"4,915", 320
"REDMI 10 (Midnight Black, 128 GB)","₹11,999","₹16,999",4.2,29% off,"21,463"," 1,599"
"REDMI Note 11 SE (Bifrost Blue, 64 GB)","₹11,499","₹16,999",4.3,32% off,"29,255"," 1,825"
"REDMI 10A (Charcoal Black, 64 GB)","₹8,790",Same as Sale Price,4.2,No Offer,"4,915", 320
"REDMI 10A SPORT (SEA BLUE, 128 GB)","₹9,995","₹10,300",4,2% off,525, 36
"REDMI 10 Prime (Astral White, 128 GB)","₹12,999","₹16,999",4.2,23% off,"10,036", 735
"REDMI Note 11 SE (Space Black, 64 GB)","₹11,499","₹16,999",4.3,32% off,"29,255"," 1,825"
"REDMI 9 Activ (Coral Green, 128 GB)","₹10,499","₹12,999",4.2,19% off,"4,507", 306
"REDMI 9 Activ (Carbon Black, 128 GB)","₹10,499","₹12,999",4.2,19% off,"4,507", 306
"REDMI Note 11 SE (Thunder Purple, 64 GB)","₹11,499","₹16,999",4.3,32% off,"29,255"," 1,825"
"REDMI 9i (Sea Blue, 64 GB)","₹8,999","₹9,999",4.3,10% off,"5,75,855"," 33,950"
"REDMI 9 Activ (Metallic Purple, 128 GB)","₹10,499","₹12,999",4.2,19% off,"4,507", 306
"REDMI 10A (Charcoal Black, 64 GB)","₹8,999",Same as Sale Price,4.2,No Offer,"4,915", 320
"REDMI 11 Prime 5G (Meadow Green, 64 GB)","₹14,295",Same as Sale Price,4.2,No Offer,769, 57
"REDMI 11 Prime 5G (Thunder Black, 64 GB)","₹13,930",Same as Sale Price,4.2,No Offer,769, 57
"REDMI Note 11S (Horizon Blue, 64 GB)","₹15,399",Same as Sale Price,4.3,No Offer,"2,075", 168
"REDMI Note 11S (Horizon Blue, 128 GB)","₹15,598","₹15,795",4.3,1% off,"2,075", 168
"REDMI A1 (Black, 32 GB)","₹6,699",Same as Sale Price,4.2,No Offer,"1,702", 131
"REDMI 11 Prime 5G (Thunder Black, 64 GB)","₹13,859",Same as Sale Price,4.2,No Offer,769, 57
"REDMI 11 Prime 5G (Chrome Silver, 64 GB)","₹13,800",Same as Sale Price,4.2,No Offer,769, 57
"REDMI 11 Prime 5G (Meadow Green, 64 GB)","₹13,800",Same as Sale Price,4.2,No Offer,769, 57
"REDMI A1 (Light Green, 32 GB)","₹6,490",Same as Sale Price,4.2,No Offer,"1,702", 131
"REDMI A1 (Light Blue, 32 GB)","₹6,488",Same as Sale Price,4.2,No Offer,"1,702", 131
"REDMI Note 10S (Deep Sea Blue, 64 GB)","₹12,999","₹16,999",4.4,23% off,"82,670"," 5,626"
"REDMI NOTE 10 LITE (Aurora Blue, 64 GB)","₹12,990","₹13,315",4.3,2% off,"2,093", 165
"REDMI A1+ (Light Green, 32 GB)","₹7,499","₹9,999",4.2,25% off,538, 44
"REDMI 10A SPORT (CHARCOAL BLACK, 128 GB)","₹11,490",Same as Sale Price,4,No Offer,525, 36
"REDMI 11 Prime 5G (Chrome Silver, 128 GB)","₹16,499",Same as Sale Price,4.2,No Offer,165, 14
"REDMI Note 11S (Horizon Blue, 128 GB)","₹15,829",Same as Sale Price,4.2,No Offer,865, 84
"REDMI 10A SPORT (SLATE GREY, 128 GB)","₹10,473",Same as Sale Price,4,No Offer,525, 36
"REDMI Note 10 Pro Max (Vintage Bronze, 128 GB)","₹19,999","₹22,999",4.3,13% off,"16,326"," 1,219"
"REDMI 10A (Sea Blue, 64 GB)","₹8,649","₹8,738",4.2,1% off,"4,915", 320
"REDMI A1+ (Light Blue, 32 GB)","₹7,499","₹9,999",4.2,25% off,538, 44
"REDMI 10 Prime 2022 (Astral White, 64 GB)","₹11,980",Same as Sale Price,4.2,No Offer,"2,993", 215
"REDMI Note 11S (Polar White, 128 GB)","₹15,998","₹16,970",4.2,5% off,865, 84
"Redmi Y3 (Elegant Blue, 32 GB)","₹10,190",Same as Sale Price,4.4,No Offer,"21,031"," 1,566"
"Mi A2 (Red, 128 GB)","₹11,499",Same as Sale Price,4.1,No Offer,"3,217", 291
"Redmi Note 8 (Neptune Blue, 128 GB)","₹14,998",Same as Sale Price,4.4,No Offer,"14,376"," 1,072"
"Redmi 6 Pro (Lake Blue, 64 GB)","₹12,999",Same as Sale Price,4.3,No Offer,"10,890", 720
"Redmi Y3 (Bold Red, 32 GB)","₹9,999",Same as Sale Price,4.4,No Offer,"21,031"," 1,566"
"Mi A3 (More Than White, 64 GB)","₹12,495",Same as Sale Price,4.3,No Offer,"38,746"," 3,408"
"Xiaomi 11Lite NE (Diamond Dazzle, 128 GB)","₹20,990","₹23,895",4.2,12% off,"3,209", 365
"REDMI 10 (Midnight Black, 64 GB)","₹9,499","₹14,999",4.3,36% off,"1,64,005"," 10,810"
"REDMI 10 (Pacific Blue, 64 GB)","₹9,499","₹14,999",4.3,36% off,"1,64,005"," 10,810"
"REDMI 10 (Caribbean Green, 64 GB)","₹9,499","₹14,999",4.3,36% off,"1,64,005"," 10,810"
"REDMI 10 (Caribbean Green, 128 GB)","₹11,999","₹16,999",4.2,29% off,"21,463"," 1,599"
"REDMI 10 (Pacific Blue, 128 GB)","₹11,999","₹16,999",4.2,29% off,"21,463"," 1,599"
"REDMI A1 (Light Blue, 32 GB)","₹6,100",Same as Sale Price,4.2,No Offer,"1,702", 131
"REDMI A1 (Light Green, 32 GB)","₹6,177",Same as Sale Price,4.2,No Offer,"1,702", 131
"REDMI Note 10S (Frost White, 64 GB)","₹12,999","₹16,999",4.4,23% off,"82,670"," 5,626"
"REDMI 10 Prime (Phantom Black, 128 GB)","₹12,999","₹16,999",4.2,23% off,"10,036", 735
"REDMI 10A (Sea Blue, 64 GB)","₹8,980",Same as Sale Price,4.2,No Offer,"4,915", 320
"REDMI 10 (Midnight Black, 128 GB)","₹11,999","₹16,999",4.2,29% off,"21,463"," 1,599"
"REDMI Note 11 SE (Bifrost Blue, 64 GB)","₹11,499","₹16,999",4.3,32% off,"29,255"," 1,825"
"REDMI 10A (Charcoal Black, 64 GB)","₹8,790",Same as Sale Price,4.2,No Offer,"4,915", 320
"REDMI 10A SPORT (SEA BLUE, 128 GB)","₹9,995","₹10,300",4,2% off,525, 36
"REDMI 10A SPORT (CHARCOAL BLACK, 128 GB)","₹10,400","₹10,884",4,4% off,525, 36
"REDMI 9 Activ (Carbon Black, 128 GB)","₹10,499","₹12,999",4.2,19% off,"4,507", 306
"REDMI 10 Prime (Astral White, 128 GB)","₹12,999","₹16,999",4.2,23% off,"10,036", 735
"REDMI 10A SPORT (SLATE GREY, 128 GB)","₹10,475",Same as Sale Price,4,No Offer,525, 36
"REDMI 10A SPORT (SEA BLUE, 128 GB)","₹10,442",Same as Sale Price,4,No Offer,525, 36
"REDMI Note 11 SE (Space Black, 64 GB)","₹11,499","₹16,999",4.3,32% off,"29,255"," 1,825"
"REDMI 9 Activ (Coral Green, 128 GB)","₹10,499","₹12,999",4.2,19% off,"4,507", 306
"REDMI Note 11T 5G (Aquamarine Blue, 128 GB)","₹17,990",Same as Sale Price,4.2,No Offer,265, 19
"REDMI 10A SPORT (CHARCOAL BLACK, 128 GB)","₹10,453",Same as Sale Price,4,No Offer,525, 36
"REDMI Note 10T 5G (Mint Green, 128 GB)","₹14,999","₹18,999",4.2,21% off,"30,750"," 2,386"
"REDMI 10 Prime 2022 (Phantom Black, 64 GB)","₹11,999",Same as Sale Price,4.2,No Offer,"2,993", 215
"REDMI 9 Activ (Carbon Black, 128 GB)","₹10,499","₹12,999",4.2,19% off,"4,507", 306
"REDMI Note 10T 5G (Mint Green, 128 GB)","₹14,999","₹18,999",4.2,21% off,"30,750"," 2,386"
"REDMI Note 11 SE (Thunder Purple, 64 GB)","₹11,499","₹16,999",4.3,32% off,"29,255"," 1,825"
"REDMI 10A (Charcoal Black, 64 GB)","₹8,999",Same as Sale Price,4.2,No Offer,"4,915", 320
"REDMI 9i (Sea Blue, 64 GB)","₹8,999","₹9,999",4.3,10% off,"5,75,855"," 33,950"
"REDMI Note 11S (Horizon Blue, 64 GB)","₹15,399",Same as Sale Price,4.3,No Offer,"2,075", 168
"REDMI Note 11S (Horizon Blue, 128 GB)","₹15,598","₹15,795",4.3,1% off,"2,075", 168
"REDMI 9 Activ (Carbon Black, 64 GB)","₹8,091","₹8,990",4.2,10% off,"8,993", 640
"REDMI 10 Prime 2022 (Bifrost Blue, 64 GB)","₹11,990",Same as Sale Price,4.2,No Offer,"2,993", 215
"REDMI 11 Prime 5G (Thunder Black, 64 GB)","₹13,930",Same as Sale Price,4.2,No Offer,769, 57
"REDMI 11 Prime 5G (Meadow Green, 64 GB)","₹14,295",Same as Sale Price,4.2,No Offer,769, 57
"REDMI 9 Activ (Metallic Purple, 64 GB)","₹8,390","₹8,990",4.2,6% off,"8,993", 640
"REDMI A1 (Black, 32 GB)","₹6,699",Same as Sale Price,4.2,No Offer,"1,702", 131
"REDMI 11 Prime 5G (Thunder Black, 64 GB)","₹13,859",Same as Sale Price,4.2,No Offer,769, 57
"REDMI 11 Prime 5G (Chrome Silver, 64 GB)","₹13,800",Same as Sale Price,4.2,No Offer,769, 57
"REDMI 11 Prime 5G (Meadow Green, 64 GB)","₹13,800",Same as Sale Price,4.2,No Offer,769, 57
"REDMI 11 Prime 5G (Meadow Green, 128 GB)","₹15,990",Same as Sale Price,4.2,No Offer,165, 14
"REDMI A1 (Light Green, 32 GB)","₹6,490",Same as Sale Price,4.2,No Offer,"1,702", 131
"REDMI A1 (Light Blue, 32 GB)","₹6,490",Same as Sale Price,4.2,No Offer,"1,702", 131
"REDMI NOTE 10 LITE (Aurora Blue, 64 GB)","₹12,990","₹13,315",4.3,2% off,"2,093", 165
"REDMI Note 10S (Deep Sea Blue, 64 GB)","₹12,999","₹16,999",4.4,23% off,"82,670"," 5,626"
"REDMI A1+ (Light Green, 32 GB)","₹7,499","₹9,999",4.2,25% off,538, 44
"REDMI 9 Activ (Metallic Purple, 128 GB)","₹9,990","₹11,250",4.2,11% off,"4,507", 306
"REDMI Note 10S (Shadow Black, 128 GB)","₹16,499","₹20,999",4.2,21% off,"7,171", 664
"REDMI 10A (Slate Grey, 32 GB)","₹7,999",Same as Sale Price,4.1,No Offer,737, 52
"REDMI 11 Prime (Peppy Purple, 128 GB)","₹14,214",Same as Sale Price,3.5,No Offer,11, 1
"REDMI Note 10 Pro (Vintage Bronze, 128 GB)","₹17,999","₹19,999",4.3,10% off,"41,572"," 3,892"
"REDMI 11 Prime (Peppy Purple, 64 GB)","₹12,290",Same as Sale Price,4.3,No Offer,43, 4
"REDMI Note 11S (Horizon Blue, 128 GB)","₹15,829",Same as Sale Price,4.2,No Offer,865, 84
"REDMI A1+ (Light Blue, 32 GB)","₹7,499","₹9,999",4.2,25% off,538, 44
"REDMI Note 11S (Horizon Blue, 128 GB)","₹16,999",Same as Sale Price,4.2,No Offer,865, 84
"REDMI 11 Prime (Playful Green, 128 GB)","₹13,999",Same as Sale Price,3.5,No Offer,11, 1
"REDMI 9 Prime (Matte Black, 64 GB)","₹11,490",Same as Sale Price,4.4,No Offer,"2,26,780"," 15,262"
"REDMI 10 Prime 2022 (Astral White, 64 GB)","₹11,980",Same as Sale Price,4.2,No Offer,"2,993", 215
"REDMI 9i (Nature Green, 64 GB)","₹8,999","₹9,999",4.3,10% off,"5,75,855"," 33,950"
"REDMI Note 11S (Space Black, 64 GB)","₹16,999",Same as Sale Price,4.3,No Offer,"2,075", 168
"REDMI Note 10T 5G (Metallic Blue, 64 GB)","₹12,999","₹16,999",4.3,23% off,"44,058"," 3,195"
"REDMI 9 Activ (Coral Green, 64 GB)","₹8,590",Same as Sale Price,4.2,No Offer,"8,993", 640
"REDMI 9i (Midnight Black, 64 GB)","₹8,999","₹9,999",4.3,10% off,"5,75,855"," 33,950"
"REDMI Note 11S (Polar White, 128 GB)","₹15,998","₹16,970",4.2,5% off,865, 84
"REDMI 9 Power (Fiery Red, 64 GB)","₹11,499","₹13,999",4.3,17% off,"2,41,621"," 17,036"
"REDMI Note 10T 5G (Mint Green, 64 GB)","₹12,999","₹16,999",4.3,23% off,"44,058"," 3,195"
"REDMI Note 10 Pro (Dark Night, 128 GB)","₹17,999","₹19,999",4.3,10% off,"41,572"," 3,892"
"REDMI Note 10S (Deep Sea Blue, 128 GB)","₹16,499","₹20,999",4.2,21% off,"7,171", 664
"REDMI Note 11S (Polar White, 128 GB)","₹16,999",Same as Sale Price,4.2,No Offer,865, 84
"REDMI Note 11S (Horizon Blue, 128 GB)","₹16,411",Same as Sale Price,4.2,No Offer,865, 84
"REDMI 11 Prime (FlashyBlack, 128 GB)","₹14,357",Same as Sale Price,3.5,No Offer,11, 1
"REDMI K50i 5G (Stealth Black, 128 GB)","₹23,500",Same as Sale Price,4.2,No Offer,840, 121
"REDMI K50i 5G (Phantom Blue, 128 GB)","₹22,990","₹23,999",4.2,4% off,840, 121
"REDMI Note 10 Pro (Glacial Blue, 128 GB)","₹17,999","₹19,999",4.3,10% off,"41,572"," 3,892"
"REDMI A1+ (Black, 32 GB)","₹7,499","₹9,999",4.2,25% off,538, 44
"REDMI 11 Prime (Playful Green, 64 GB)","₹11,980",Same as Sale Price,4.3,No Offer,43, 4
"REDMI Note 10T 5G (Chromium Silver, 64 GB)","₹12,999","₹16,999",4.3,23% off,"44,058"," 3,195"
"REDMI Note 10 Pro Max (Dark Night, 128 GB)","₹19,499","₹19,990",4.3,2% off,"16,326"," 1,219"
"REDMI 9 Prime (Matte Black, 128 GB)","₹12,490","₹12,990",4.4,3% off,"2,26,780"," 15,262"
"REDMI Note 10 Pro Max (Dark Nebula, 128 GB)","₹19,999","₹22,999",4.3,13% off,"16,326"," 1,219"
"REDMI Note 10S (Cosmic Purple, 64 GB)","₹12,999","₹16,999",4.4,23% off,"82,670"," 5,626"
"REDMI Note 10T 5G (Graphite Black, 128 GB)","₹14,999","₹18,999",4.2,21% off,"30,750"," 2,386"
"REDMI Note 10 Pro Max (Vintage Bronze, 128 GB)","₹19,999","₹22,999",4.3,13% off,"16,326"," 1,219"
"REDMI NOTE 10 LITE (Aurora Blue, 128 GB)","₹14,389","₹16,990",4.3,15% off,843, 67
"REDMI Note 10S (Frost White, 128 GB)","₹16,499","₹18,999",4.4,13% off,"82,670"," 5,626"
"REDMI 11 Prime 5G (Chrome Silver, 128 GB)","₹15,990",Same as Sale Price,4.2,No Offer,165, 14
"REDMI Note 11S (Polar White, 64 GB)","₹16,499",Same as Sale Price,4.3,No Offer,"2,075", 168
"REDMI Note 9 (Shadow Black, 128 GB)","₹14,999","₹18,999",4.3,21% off,"6,562", 438
"REDMI Note 9 (Shadow Black, 128 GB)","₹13,990","₹15,999",4.3,12% off,"1,23,446"," 9,425"
"REDMI Note 11S (Space Black, 128 GB)","₹16,900",Same as Sale Price,4.3,No Offer,"2,075", 168
"REDMI Note 11S (Polar White, 128 GB)","₹17,989",Same as Sale Price,4.2,No Offer,865, 84
"REDMI NOTE 10 LITE (Champagne Gold, 128 GB)","₹14,750",Same as Sale Price,4.3,No Offer,843, 67
"REDMI 10 Prime 2022 (Bifrost Blue, 64 GB)","₹12,689",Same as Sale Price,4.2,No Offer,"2,993", 215
"REDMI Note 9 (Scarlet Red, 128 GB)","₹14,989","₹18,900",4.3,20% off,"6,562", 438
"REDMI Note 9 (Pebble Grey, 128 GB)","₹14,999","₹18,999",4.3,21% off,"6,562", 438
"REDMI Note 9 (Shadow Black, 64 GB)","₹12,989","₹14,439",4.3,10% off,"1,23,446"," 9,425"
"REDMI 11 Prime 5G (Chrome Silver, 64 GB)","₹13,996",Same as Sale Price,4.2,No Offer,769, 57
"REDMI A1+ (Black, 32 GB)","₹8,499","₹10,999",4,22% off,260, 22
"REDMI Note 9 (Scarlet Red, 128 GB)","₹13,499","₹16,499",4.3,18% off,"1,23,446"," 9,425"
"REDMI Note 10S (Frost White, 128 GB)","₹16,499","₹20,999",4.2,21% off,"7,171", 664
"REDMI NOTE 10 LITE (Glacier White, 64 GB)","₹13,990",Same as Sale Price,4.3,No Offer,"2,093", 165
"REDMI Note 10 (Shadow Black, 128 GB)","₹13,799","₹17,500",4.3,21% off,"7,390", 540
"REDMI Note 10S (Deep Sea Blue, 128 GB)","₹16,499","₹18,999",4.4,13% off,"82,670"," 5,626"
"REDMI Note 10S (Cosmic Purple, 128 GB)","₹16,499","₹18,999",4.4,13% off,"82,670"," 5,626"
"REDMI Note 9 (Arctic White, 128 GB)","₹13,990","₹16,499",4.3,15% off,"1,23,446"," 9,425"
"REDMI 10A (Sea Blue, 32 GB)","₹7,750",Same as Sale Price,4.1,No Offer,737, 52
"REDMI Note 11 (Space Black, 64 GB)","₹11,989",Same as Sale Price,4.3,No Offer,144, 12
"REDMI Note 9 (Aqua Green, 64 GB)","₹12,970",Same as Sale Price,4.3,No Offer,"1,23,446"," 9,425"
"REDMI Note 10 (Aqua Green, 64 GB)","₹14,050",Same as Sale Price,4.3,No Offer,"13,355"," 1,079"
"REDMI K50i 5G (Stealth Black, 256 GB)","₹28,990",Same as Sale Price,4.3,No Offer,143, 16
"REDMI Note 9 (Pebble Grey, 64 GB)","₹12,490","₹13,080",4.3,4% off,"1,23,446"," 9,425"
"REDMI 8A Dual (Sky White, 32 GB)","₹7,499",Same as Sale Price,4.3,No Offer,"57,044"," 4,168"
"REDMI 9 Power (Mighty Black, 128 GB)","₹16,999",Same as Sale Price,4.3,No Offer,"48,609"," 3,738"
"REDMI Note 10S (Shadow Black, 64 GB)","₹13,690",Same as Sale Price,4.4,No Offer,"82,670"," 5,626"
"REDMI 9 Power (Blazing Blue, 64 GB)","₹12,490",Same as Sale Price,4.3,No Offer,"2,41,621"," 17,036"
"REDMI 9 Power (Electric Green, 64 GB)","₹11,499","₹13,999",4.3,17% off,"2,41,621"," 17,036"
"REDMI 9 Power (Fiery Red, 128 GB)","₹15,880",Same as Sale Price,4.3,No Offer,"48,609"," 3,738"
"REDMI Note 8 Pro (Shadow Black, 64 GB)","₹16,999",Same as Sale Price,4.5,No Offer,"83,957"," 7,083"
"REDMI Note 9 (Aqua Green, 128 GB)","₹14,599","₹15,999",4.3,8% off,"1,23,446"," 9,425"
"REDMI K50i 5G (Phantom Blue, 128 GB)","₹25,989",Same as Sale Price,4.2,No Offer,840, 121
"REDMI Note 12 Pro 5G (Stardust Purple, 256 GB)","₹27,999","₹31,999",No Ratings,12% off,No_Ratings,
"REDMI K50i (Phantom Blue, 256 GB)","₹28,990",Same as Sale Price,4.3,No Offer,272, 42
"REDMI Note 12 Pro 5G (Onyx Black, 256 GB)","₹27,999","₹31,999",No Ratings,12% off,No_Ratings,
"REDMI Note 12 Pro+ 5G (Arctic White, 256 GB)","₹29,999","₹33,999",No Ratings,11% off,No_Ratings,
"REDMI Note 12 Pro 5G (Onyx Black, 128 GB)","₹26,999","₹29,999",No Ratings,10% off,No_Ratings,
"REDMI Note 12 Pro 5G (Stardust Purple, 128 GB)","₹26,999","₹29,999",No Ratings,10% off,No_Ratings,
"REDMI Note 12 Pro 5G (Glacier Blue, 128 GB)","₹26,999","₹29,999",No Ratings,10% off,No_Ratings,
"REDMI Note 10T 5G (Metallic Blue, 128 GB)","₹13,900",Same as Sale Price,4.2,No Offer,"30,750"," 2,386"
"REDMI Note 12 Pro+ 5G (Obsidian Black, 256 GB)","₹32,999","₹36,999",No Ratings,10% off,No_Ratings,
"REDMI Note 12 Pro 5G (Stardust Purple, 128 GB)","₹24,999","₹27,999",No Ratings,10% off,No_Ratings,
"REDMI Note 12 Pro+ 5G (Iceberg Blue, 256 GB)","₹32,999","₹36,999",No Ratings,10% off,No_Ratings,
"REDMI Note 11T 5G (Matte black, 128 GB)","₹17,999",Same as Sale Price,4.2,No Offer,265, 19
"REDMI Note 8 Pro (Halo White, 64 GB)","₹16,999",Same as Sale Price,4.5,No Offer,"83,957"," 7,083"
"REDMI Note 11S (Space Black, 128 GB)","₹15,549","₹16,999",4.3,8% off,"2,075", 168
"REDMI 10 Prime 2022 (Phantom Black, 64 GB)","₹11,199","₹11,299",4.2,No Offer,"2,993", 215
"REDMI 10 Prime (Phantom Black, 64 GB)","₹11,199","₹11,399",4.2,1% off,"11,767", 889
"REDMI Note 12 Pro 5G (Glacier Blue, 128 GB)","₹24,999","₹27,999",No Ratings,10% off,No_Ratings,
"REDMI Note 10 Pro (Vintage Bronze, 64 GB)","₹17,999",Same as Sale Price,4.3,No Offer,"41,572"," 3,892"
Peace Mi1 Pro,₹799,Same as Sale Price,No Ratings,No Offer,No_Ratings,
Peace Mi3 Pro,₹799,Same as Sale Price,No Ratings,No Offer,No_Ratings,
"REDMI Note 12 Pro+ 5G (Iceberg Blue, 256 GB)","₹29,999","₹33,999",No Ratings,11% off,No_Ratings,
"REDMI 11 Prime 5G (Meadow Green, 64 GB)","₹12,900","₹13,048",4.2,1% off,769, 57
"REDMI Note 10S (Deep Sea Blue, 128 GB)","₹15,490",Same as Sale Price,4.2,No Offer,"7,171", 664
"REDMI Note 10T 5G (Graphite Black, 64 GB)","₹12,390","₹13,745",4.3,9% off,"44,058"," 3,195"
"REDMI Note 9 (Shadow Black, 64 GB)","₹12,490",Same as Sale Price,4.3,No Offer,"1,23,446"," 9,425"
"REDMI Note 9 Pro Max (Aurora Blue, 64 GB)","₹18,999",Same as Sale Price,4.4,No Offer,"41,198"," 3,304"
"Redmi Note 11 (Horizon Blue, 128 GB)","₹19,989",Same as Sale Price,4.2,No Offer,"9,051", 715
"Redmi Note 11 (Space Black, 64 GB)","₹14,000",Same as Sale Price,4.2,No Offer,"9,131", 840
"Redmi Note 11 (Starburst White, 128 GB)","₹19,990",Same as Sale Price,4.2,No Offer,"9,051", 715
"Redmi Note 11 PRO Plus 5G (PHANTOM WHITE, 256 GB)","₹24,999",Same as Sale Price,4.2,No Offer,"2,551", 238
"Redmi Note 11 (Horizon Blue, 64 GB)","₹13,000",Same as Sale Price,4.2,No Offer,"9,131", 840
"Redmi Note 11 (Space Black, 128 GB)","₹18,990",Same as Sale Price,4.2,No Offer,"9,051", 715
"REDMI Note 11 Pro (Stealth Black, 128 GB)","₹20,499",Same as Sale Price,4.1,No Offer,620, 43
"Xiaomi 11Lite NE (Tuscany Coral, 128 GB)","₹22,800","₹26,500",4.2,13% off,"1,526", 167
"10 Prime (Bifrost Blue, 128 GB)","₹13,499",Same as Sale Price,4.5,No Offer,33, 6
"Redmi Note 11S (Space Black, 128 GB)","₹15,899",Same as Sale Price,4.2,No Offer,724, 54
"Redmi 9A (Midnight Black, 32 GB)","₹8,299",Same as Sale Price,4.3,No Offer,"14,489", 911
"REDMI 10A (CHARCOAL BLACK, 128 GB)","₹10,690","₹10,990",4.1,2% off,82, 7
"10 Prime (Astral White, 128 GB)","₹13,900",Same as Sale Price,4.5,No Offer,33, 6
"Redmi 9A Sport (Metallic Blue, 32 GB)","₹8,000",Same as Sale Price,4.2,No Offer,"5,850", 437
"Mi 11 Lite (Tuscany Coral, 128 GB)","₹19,999","₹24,999",4.2,20% off,"13,080"," 1,426"
"Redmi 9 (Sky Blue, 128 GB)","₹9,990",Same as Sale Price,4.2,No Offer,"26,778"," 1,529"
"Redmi 8A Dual (Sky White, 64 GB)","₹9,999",Same as Sale Price,4.2,No Offer,"18,219"," 1,189"
"Redmi Note 7 Pro (Space Black, 64 GB)","₹15,999",Same as Sale Price,4.5,No Offer,"8,50,689"," 72,355"
"Redmi Note 9 Pro (Champagne Gold, 64 GB)","₹13,599",Same as Sale Price,4.3,No Offer,"26,623"," 1,827"
"Redmi 7A (Matte Black, 16 GB)","₹6,499",Same as Sale Price,4.3,No Offer,"3,88,888"," 28,158"
"Redmi 8 (Onyx Black, 64 GB)","₹9,490",Same as Sale Price,4.4,No Offer,"9,42,112"," 67,058"
"REDMI Note 11 Pro (Phantom White, 128 GB)","₹19,200","₹20,493",4.1,6% off,620, 43
"REDMI Note 11T 5G (Stardust White, 128 GB)","₹19,700",Same as Sale Price,4.3,No Offer,"2,839", 248
"Redmi Note 11 (Space Black, 128 GB)","₹14,990",Same as Sale Price,4.2,No Offer,"9,051", 715
"Redmi Note 11 (Space Black, 64 GB)","₹12,990",Same as Sale Price,4.2,No Offer,"9,131", 840
"Redmi Note 11 (Starburst White, 128 GB)","₹15,450",Same as Sale Price,4.2,No Offer,"9,051", 715
"REDMI Note 11 Pro (Stealth Black, 128 GB)","₹20,499",Same as Sale Price,4.1,No Offer,620, 43
"Xiaomi 11Lite NE (Tuscany Coral, 128 GB)","₹22,800","₹26,500",4.2,13% off,"1,526", 167
"Redmi 9A (Nature Green, 32 GB)","₹7,490","₹8,599",4.3,12% off,"14,489", 911
"10 Prime (Bifrost Blue, 128 GB)","₹13,499",Same as Sale Price,4.5,No Offer,33, 6
"REDMI Note 11T 5G (Aquamarine Blue, 64 GB)","₹15,999",Same as Sale Price,4.2,No Offer,"5,387", 438
"Redmi Note 11S (Space Black, 128 GB)","₹15,899",Same as Sale Price,4.2,No Offer,724, 54
"10 Prime (Astral White, 128 GB)","₹13,900",Same as Sale Price,4.5,No Offer,33, 6
"Redmi 9A Sport (Metallic Blue, 32 GB)","₹8,000",Same as Sale Price,4.2,No Offer,"5,850", 437
"Redmi 6 Pro (Black, 32 GB)","₹8,500",Same as Sale Price,4.3,No Offer,"11,479", 832
"Redmi 6 Pro (Rose Gold, 32 GB)","₹9,499",Same as Sale Price,4.3,No Offer,"11,479", 832
"Mi 11 Lite (Tuscany Coral, 128 GB)","₹19,999","₹24,999",4.2,20% off,"13,080"," 1,426"
"Redmi 9 (Sky Blue, 128 GB)","₹9,990",Same as Sale Price,4.2,No Offer,"26,778"," 1,529"
"Redmi 6 Pro (Lake Blue, 32 GB)","₹9,499",Same as Sale Price,4.3,No Offer,"11,479", 832
"Redmi 6A (Gold, 32 GB)","₹6,799",Same as Sale Price,4.3,No Offer,"57,132"," 3,902"
"Redmi 8A Dual (Sky White, 64 GB)","₹9,999",Same as Sale Price,4.2,No Offer,"18,219"," 1,189"
"Xiaomi 11i 5G (Pacific Pearl, 128 GB)","₹26,999","₹31,999",4.2,15% off,"20,305"," 2,574"
"Redmi 8 (Onyx Black, 64 GB)","₹10,749","₹10,999",4.4,2% off,"9,42,112"," 67,058"
"Redmi 9A (Midnight Black, 32 GB)","₹8,299",Same as Sale Price,4.3,No Offer,"14,489", 911
"Redmi 6 Pro (Red, 32 GB)","₹8,999",Same as Sale Price,4.3,No Offer,"11,479", 832
"Redmi Note 7 Pro (Nebula Red, 128 GB)","₹14,049","₹17,999",4.5,21% off,"3,20,420"," 26,388"
"Redmi 8A (Midnight Black, 32 GB)","₹7,549","₹8,999",4.4,16% off,"1,40,370"," 10,753"
"Xiaomi 11T Pro 5G Hyperphone (Moonlight White, 256 GB)","₹34,990","₹36,699",4,4% off,459, 55
"Xiaomi 11T Pro 5G Hyperphone (Celestial Magic, 256 GB)","₹37,989","₹41,989",4.2,9% off,171, 24
"Redmi Y2 (Rose Gold, 64 GB)","₹13,499",Same as Sale Price,4.4,No Offer,"27,443"," 1,926"
"Mi A2 (Blue/Lake Blue, 64 GB)","₹17,499",Same as Sale Price,4.2,No Offer,"34,800"," 2,908"
"Mi 10T (Lunar Silver, 128 GB)","₹27,998","₹39,999",4.2,30% off,"4,018", 564
"Redmi Note 11 (Starburst White, 64 GB)","₹18,990",Same as Sale Price,4.2,No Offer,"9,051", 715
"Redmi 5A (Rose Gold, 16 GB)","₹5,999",Same as Sale Price,4.5,No Offer,"12,32,814"," 1,51,229"
"Redmi Note 5 (Rose Gold, 64 GB)","₹11,490",Same as Sale Price,4.4,No Offer,"3,58,068"," 39,640"
"Redmi Note 6 Pro (Black, 64 GB)","₹17,999",Same as Sale Price,4.5,No Offer,"1,27,517"," 10,938"
"Redmi 6 Pro (Rose Gold, 32 GB)","₹9,499",Same as Sale Price,4.3,No Offer,"11,479", 832
"Redmi 6 Pro (Black, 32 GB)","₹8,500",Same as Sale Price,4.3,No Offer,"11,479", 832
"Redmi Y1 lite (Gold, 16 GB)","₹7,999",Same as Sale Price,4.2,No Offer,"3,415", 289
"Redmi 5 (Lake Blue, 64 GB)","₹8,299","₹11,999",4.3,30% off,"4,945", 334
"Mi A3 (Kind of Grey, 64 GB)","₹14,999",Same as Sale Price,4.3,No Offer,"38,746"," 3,408"
"11 Lite NE (Tuscany Coral, 128 GB)","₹22,490","₹23,490",3.7,4% off,7, 2
"Redmi Note 8 (Moonlight White, 128 GB)","₹15,999",Same as Sale Price,4.4,No Offer,"14,376"," 1,072"
"Redmi 8A Dual (Sea Blue, 32 GB)","₹8,999",Same as Sale Price,4.2,No Offer,"18,219"," 1,189"
"10 Prime (Bifrost Blue, 64 GB)","₹14,990",Same as Sale Price,4.4,No Offer,114, 5
"Redmi 6 Pro (Lake Blue, 32 GB)","₹9,499",Same as Sale Price,4.3,No Offer,"11,479", 832
"Xiaomi 11i Hypercharge 5G (Camo Green, 128 GB)","₹28,999","₹33,999",4.2,14% off,"6,416", 718
"Mi A1 (Gold, 64 GB)","₹14,599","₹14,999",4.4,2% off,"4,70,903"," 72,245"
"Redmi Note 8 (Space Black, 128 GB)","₹15,999",Same as Sale Price,4.4,No Offer,"14,376"," 1,072"
"Redmi 5 (Gold, 32 GB)","₹9,999",Same as Sale Price,4.3,No Offer,"6,517", 513
"Redmi Y2 (Dark Grey, 32 GB)","₹10,499",Same as Sale Price,4.5,No Offer,"1,21,474"," 8,082"
"Redmi Note 4 (Lake Blue, 64 GB)","₹9,990",Same as Sale Price,4.4,No Offer,"13,41,623"," 2,11,791"
"Redmi 6 Pro (Red, 32 GB)","₹8,999",Same as Sale Price,4.3,No Offer,"11,479", 832
"Redmi 6 Pro (Red, 64 GB)","₹10,549",Same as Sale Price,4.3,No Offer,"10,890", 720
"Redmi 5A (Blue, 32 GB)","₹6,999",Same as Sale Price,4.4,No Offer,"6,06,469"," 64,658"
"REDMI Note 11T 5G (Aquamarine Blue, 64 GB)","₹16,795",Same as Sale Price,4.2,No Offer,"5,387", 438
"REDMI Note 11T 5G (Matte black, 128 GB)","₹19,999",Same as Sale Price,4.2,No Offer,"5,387", 438
"Redmi Y2 (Gold, 32 GB)","₹10,499",Same as Sale Price,4.5,No Offer,"1,21,474"," 8,082"
"REDMI Note 11T 5G (Stardust White, 128 GB)","₹19,999",Same as Sale Price,4.2,No Offer,"5,387", 438
"Redmi Y1 (Grey, 32 GB)","₹8,999",Same as Sale Price,4.3,No Offer,"20,126"," 1,714"
"Xiaomi 11T Pro 5G Hyperphone (Celestial Magic, 256 GB)","₹33,999",Same as Sale Price,4,No Offer,459, 55
"Mi 10i (Midnight Black, 128 GB)","₹21,975","₹24,198",4.3,9% off,"2,997", 231
"Mi 10i (Pacific Sunrise, 128 GB)","₹25,429",Same as Sale Price,4.3,No Offer,"1,613", 112
"Mi A1 (Black, 64 GB)","₹14,599","₹14,999",4.4,2% off,"4,70,903"," 72,245"
"REDMI Note 11 Pro (Star Blue, 128 GB)","₹20,000",Same as Sale Price,4.1,No Offer,620, 43
"Xiaomi 11Lite NE (Vinyl Black, 128 GB)","₹21,970","₹22,889",4.2,4% off,"3,209", 365
"Redmi Note 9 Pro (Aurora Blue, 128 GB)","₹15,990",Same as Sale Price,4.3,No Offer,"1,950", 101
"Mi 10i (Midnight Black, 128 GB)","₹24,215","₹25,918",4.3,6% off,"1,613", 112
"Redmi 7 (Eclipse Black, 32 GB)","₹8,799","₹10,999",4.4,20% off,"6,750", 487
"Redmi 7 (Comet Blue, 32 GB)","₹8,999","₹10,999",4.4,18% off,"6,750", 487
"Mi A2 (Red, 128 GB)","₹20,299","₹20,500",4.1,No Offer,"3,217", 291
"Redmi Note 11 (Starburst White, 64 GB)","₹17,899",Same as Sale Price,4.2,No Offer,"9,131", 840
"Redmi Note 5 (Blue, 64 GB)","₹11,999",Same as Sale Price,4.4,No Offer,"3,58,068"," 39,640"
"11 Lite NE (Tuscany Coral, 128 GB)","₹22,490","₹23,490",3.7,4% off,7, 2
"Redmi Note 8 (Moonlight White, 128 GB)","₹15,999",Same as Sale Price,4.4,No Offer,"14,376"," 1,072"
"Redmi 8A Dual (Sea Blue, 32 GB)","₹8,999",Same as Sale Price,4.2,No Offer,"18,219"," 1,189"
"10 Prime (Bifrost Blue, 64 GB)","₹14,990",Same as Sale Price,4.4,No Offer,114, 5
"Xiaomi 11i Hypercharge 5G (Camo Green, 128 GB)","₹28,999","₹33,999",4.2,14% off,"6,416", 718
"Mi A3 (Not just Blue, 64 GB)","₹14,999",Same as Sale Price,4.3,No Offer,"38,746"," 3,408"
"Redmi Note 8 (Space Black, 128 GB)","₹15,999",Same as Sale Price,4.4,No Offer,"14,376"," 1,072"
"Redmi 5 (Gold, 32 GB)","₹9,999",Same as Sale Price,4.3,No Offer,"6,517", 513
"Redmi Note 4 (Lake Blue, 64 GB)","₹9,990",Same as Sale Price,4.4,No Offer,"13,41,623"," 2,11,791"
"Redmi 5A (Blue, 32 GB)","₹6,999",Same as Sale Price,4.4,No Offer,"6,06,469"," 64,658"
"REDMI Note 11T 5G (Aquamarine Blue, 64 GB)","₹16,795",Same as Sale Price,4.2,No Offer,"5,387", 438
"REDMI Note 11T 5G (Matte black, 128 GB)","₹19,999",Same as Sale Price,4.2,No Offer,"5,387", 438
"REDMI Note 11T 5G (Stardust White, 128 GB)","₹19,999",Same as Sale Price,4.2,No Offer,"5,387", 438
"Redmi Y1 (Grey, 32 GB)","₹8,999",Same as Sale Price,4.3,No Offer,"20,126"," 1,714"
"Mi 10i (Midnight Black, 128 GB)","₹21,975","₹24,198",4.3,9% off,"2,997", 231
"Mi 10i (Pacific Sunrise, 128 GB)","₹25,429",Same as Sale Price,4.3,No Offer,"1,613", 112
"Mi A1 (Black, 64 GB)","₹14,599","₹14,999",4.4,2% off,"4,70,903"," 72,245"
"REDMI Note 11 Pro (Star Blue, 128 GB)","₹20,000",Same as Sale Price,4.1,No Offer,620, 43
"Xiaomi 11Lite NE (Vinyl Black, 128 GB)","₹21,970","₹22,889",4.2,4% off,"3,209", 365
"Redmi Note 9 Pro (Aurora Blue, 128 GB)","₹15,990",Same as Sale Price,4.3,No Offer,"1,950", 101
"Mi 10i (Midnight Black, 128 GB)","₹24,215","₹25,918",4.3,6% off,"1,613", 112
"Xiaomi 11T Pro 5G Hyperphone (Celestial Magic, 256 GB)","₹33,999",Same as Sale Price,4,No Offer,459, 55
"Redmi 7 (Eclipse Black, 32 GB)","₹8,799","₹10,999",4.4,20% off,"6,750", 487
"Redmi 7 (Comet Blue, 32 GB)","₹8,999","₹10,999",4.4,18% off,"6,750", 487
"Mi A2 (Red, 128 GB)","₹20,299","₹20,500",4.1,No Offer,"3,217", 291
"Redmi Note 11 (Starburst White, 64 GB)","₹17,899",Same as Sale Price,4.2,No Offer,"9,131", 840
"Redmi 5 (Lake Blue, 16 GB)","₹8,498",Same as Sale Price,4.3,No Offer,"4,303", 381
"Redmi 5 (Lake Blue, 32 GB)","₹9,800",Same as Sale Price,4.3,No Offer,"6,517", 513
"Redmi 5 (Gold, 16 GB)","₹8,498",Same as Sale Price,4.3,No Offer,"4,303", 381
"Mi A1 (Gold, 64 GB)","₹14,599","₹14,999",4.4,2% off,"4,70,903"," 72,245"
"Redmi Y3 (Prime Black, 64 GB)","₹11,200","₹13,999",4.3,19% off,"3,510", 248
"Mi Max (Silver, 32 GB)","₹14,999",Same as Sale Price,4.3,No Offer,"18,749"," 4,054"
"11 Lite NE (Vinyl Black, 128 GB)","₹23,990","₹24,400",3.9,1% off,32, 4
"Redmi Note 4 (Dark Grey, 32 GB)","₹10,649","₹10,999",4.4,3% off,"6,42,199"," 1,10,373"
"Redmi Note 11S (Space Black, 128 GB)","₹20,000",Same as Sale Price,4.2,No Offer,724, 54
"Mi Mix 2 (Black, 128 GB)","₹37,545","₹37,999",4.3,1% off,"6,040"," 1,040"
"Redmi K20 (Flame Red, 128 GB)","₹23,999",Same as Sale Price,4.5,No Offer,"51,351"," 5,421"
"Mi 5 (Gold, 32 GB)","₹24,999",Same as Sale Price,4.3,No Offer,"19,288"," 3,854"
"Redmi 5 (Black, 64 GB)","₹11,990",Same as Sale Price,4.3,No Offer,"4,945", 334
"Mi Max (Dark Grey, 32 GB)","₹14,999",Same as Sale Price,4.3,No Offer,"18,749"," 4,054"
"Redmi 5 (Rose Gold, 64 GB)","₹11,999",Same as Sale Price,4.3,No Offer,"4,945", 334
"Redmi 5 (Rose Gold, 16 GB)","₹7,498",Same as Sale Price,4.3,No Offer,"4,303", 381
"Redmi Note 5 Pro (Red, 64 GB)","₹12,500",Same as Sale Price,4.5,No Offer,"11,71,973"," 1,22,566"
"Redmi Note 5 (Blue, 64 GB)","₹11,999",Same as Sale Price,4.4,No Offer,"3,58,068"," 39,640"
"Redmi 3S (Dark Grey, 16 GB)","₹6,999",Same as Sale Price,4.3,No Offer,"2,11,206"," 39,631"
"Mi Max (Gold, 32 GB)","₹14,999",Same as Sale Price,4.3,No Offer,"18,749"," 4,054"
"Redmi 3S (Silver, 16 GB)","₹6,999",Same as Sale Price,4.3,No Offer,"2,11,206"," 39,631"
"Mi A2 (Red, 64 GB)","₹9,999",Same as Sale Price,4.2,No Offer,"34,800"," 2,908"
"Mi 5 (Black, 32 GB)","₹24,999",Same as Sale Price,4.3,No Offer,"19,288"," 3,854"
"Mi 10i (Midnight Black, 64 GB)","₹21,999",Same as Sale Price,4.3,No Offer,"2,997", 231
"9A Sport (Coral Green, 32 GB)","₹6,999",Same as Sale Price,3.6,No Offer,7, 1
"Mi 4i (Blue, 16 GB)","₹12,999",Same as Sale Price,4.2,No Offer,"80,867"," 8,835"
"Redmi 3S (Gold, 16 GB)","₹6,999",Same as Sale Price,4.3,No Offer,"2,11,206"," 39,631"
"Mi 4i (Yellow, 16 GB)","₹12,999",Same as Sale Price,4.2,No Offer,"80,867"," 8,835"
"Mi 10i (Atlantic Blue, 64 GB)","₹21,999",Same as Sale Price,4.3,No Offer,"2,997", 231
"Redmi 7 (Lunar Red, 32 GB)","₹8,890","₹11,999",4.4,25% off,"6,750", 487
"Mi 4i (White, 16 GB)","₹12,999",Same as Sale Price,4.2,No Offer,"80,867"," 8,835"
"MI3 (Metallic Grey, 16 GB)","₹16,999",Same as Sale Price,4.4,No Offer,"15,241"," 5,100"
"Xiaomi 11Lite NE (Vinyl Black, 128 GB)","₹35,997",Same as Sale Price,4.2,No Offer,"3,209", 365
"Mi 4i (Grey, 32 GB)","₹14,999",Same as Sale Price,4.2,No Offer,"80,867"," 8,835"
"Redmi Note 5 Pro (Rose Gold, 64 GB)","₹10,999",Same as Sale Price,4.5,No Offer,"2,59,743"," 25,224"
"Mi 10i (Pacific Sunrise, 128 GB)","₹22,690",Same as Sale Price,4.3,No Offer,"2,997", 231
"Mi A2 (Black, 128 GB)","₹13,999",Same as Sale Price,4.1,No Offer,"3,217", 291
"Redmi 3S Prime (Silver, 32 GB)","₹8,490",Same as Sale Price,4.3,No Offer,"4,75,946"," 87,156"
"Mi A1 (Rose Gold, 64 GB)","₹12,999",Same as Sale Price,4.4,No Offer,"4,70,903"," 72,245"
"Redmi Note 7 Pro (Neptune Blue, 128 GB)","₹13,999",Same as Sale Price,4.5,No Offer,"3,20,420"," 26,388"
"Redmi K20 Pro (Pearl White, 256 GB)","₹24,990",Same as Sale Price,4.5,No Offer,"15,333"," 2,059"
"Redmi Y2 (Blue, 64 GB)","₹13,499",Same as Sale Price,4.4,No Offer,"27,443"," 1,926"
"Mi A1 (Red, 64 GB)","₹14,599","₹14,999",4.4,2% off,"4,70,903"," 72,245"
"Redmi 6A (Black, 32 GB)","₹5,599",Same as Sale Price,4.3,No Offer,"57,132"," 3,902"
"Redmi 7 (Lunar Red, 32 GB)","₹7,999",Same as Sale Price,4.3,No Offer,"14,324"," 1,093"
"Redmi 1S (Metal Gray, 8 GB)","₹5,999",Same as Sale Price,4.3,No Offer,"84,596"," 11,606"
"Redmi 7 (Lunar Red, 32 GB)","₹7,999",Same as Sale Price,4.3,No Offer,"14,324"," 1,093"
"Redmi 1S (Metal Gray, 8 GB)","₹5,999",Same as Sale Price,4.3,No Offer,"84,596"," 11,606"
"Redmi Note 7 (Onyx Black, 64 GB)","₹14,999",Same as Sale Price,4.5,No Offer,"1,78,652"," 16,513"
"11 Lite NE (Diamond Dazzle, 128 GB)","₹22,500",Same as Sale Price,3.7,No Offer,7, 2
"11 Lite NE (Tuscany Coral, 128 GB)","₹25,000","₹25,990",3.9,3% off,32, 4
"Redmi Y2 (Black, 64 GB)","₹13,499",Same as Sale Price,4.4,No Offer,"27,443"," 1,926"
"MI4 (White, 16 GB)","₹14,999",Same as Sale Price,4.1,No Offer,"26,590"," 3,143"
"Redmi 6 Pro (Rose Gold, 64 GB)","₹11,990",Same as Sale Price,4.3,No Offer,"10,890", 720
"Redmi Note 9 Pro (Glacier White, 128 GB)","₹16,490","₹19,999",4.3,17% off,"1,950", 101
"11 Lite NE (Jazz Blue, 128 GB)","₹21,999","₹22,999",3.9,4% off,32, 4
"Redmi Y3 (Bold Red, 64 GB)","₹10,999",Same as Sale Price,4.3,No Offer,"3,510", 248
"Redmi Note 9 Pro (Interstellar Black, 128 GB)","₹15,990","₹17,999",4.3,11% off,"1,950", 101
"Redmi Note 9 Pro (Glacier White, 128 GB)","₹13,990","₹14,550",4.3,3% off,"26,623"," 1,827"
"Mi A3 (Kind of Grey, 128 GB)","₹17,499",Same as Sale Price,4.2,No Offer,"15,219"," 1,375"
"Mi A3 (Not just Blue, 128 GB)","₹17,499",Same as Sale Price,4.2,No Offer,"15,219"," 1,375"
"Redmi 2 Prime (Grey, 16 GB)","₹6,999",Same as Sale Price,4.3,No Offer,"1,21,378"," 10,759"
"Xiaomi 11T Pro 5G Hyperphone (Moonlight White, 128 GB)","₹33,298",Same as Sale Price,4,No Offer,459, 55
"Redmi Note 7 Pro (Moonlight White, 128 GB)","₹16,450","₹17,999",4.5,8% off,"3,20,420"," 26,388"
"Redmi 4 (Gold, 32 GB)","₹8,999",Same as Sale Price,4.2,No Offer,"8,376", 785
"Redmi 2 Prime (White, 16 GB)","₹6,999",Same as Sale Price,4.3,No Offer,"1,21,378"," 10,759"
"MI 11X 5G (CELESTIAL SILVER, 128 GB)","₹24,999","₹25,490",4.2,1% off,305, 30
"Redmi Note 8 (Space Black, 32 GB)","₹11,450",Same as Sale Price,4.4,No Offer,418, 24
"Xiaomi 11Lite NE (Jazz Blue, 128 GB)","₹31,900",Same as Sale Price,4.2,No Offer,"3,209", 365
"Xiaomi 11Lite NE (Vinyl Black, 256 GB)","₹40,990",Same as Sale Price,4.2,No Offer,"1,526", 167
"Xiaomi 11Lite NE (Tuscany Coral, 128 GB)","₹40,989",Same as Sale Price,4.2,No Offer,"1,526", 167
"Xiaomi 11Lite NE (Tuscany Coral, 128 GB)","₹31,900",Same as Sale Price,4.2,No Offer,"3,209", 365
"Mi A2 (Blue/Lake Blue, 64 GB)","₹17,499",Same as Sale Price,4.2,No Offer,"34,800"," 2,908"
"Redmi 6 Pro (Gold, 64 GB)","₹10,999",Same as Sale Price,4.3,No Offer,"10,890", 720
"Mi 10i (Atlantic Blue, 128 GB)","₹19,990",Same as Sale Price,4.3,No Offer,"2,997", 231
"Redmi Note 7S (Onyx Black, 64 GB)","₹11,990",Same as Sale Price,4.4,No Offer,"4,22,139"," 34,084"
"Mi 5 (White, 32 GB)","₹24,999",Same as Sale Price,4.3,No Offer,"19,288"," 3,854"
"Redmi 6A (Gold, 16 GB)","₹6,090",Same as Sale Price,4.3,No Offer,"57,132"," 3,902"
"11 Lite NE (Diamond Dazzle, 128 GB)","₹25,999",Same as Sale Price,3.9,No Offer,32, 4
"Redmi 6A (Blue, 32 GB)","₹6,999",Same as Sale Price,4.3,No Offer,"57,132"," 3,902"
"Mi 10i (Atlantic Blue, 128 GB)","₹23,329","₹25,918",4.3,9% off,"1,613", 112
"Xiaomi 12 Pro 5G (Couture Blue, 256 GB)","₹59,990",Same as Sale Price,4.2,No Offer,131, 18
"Redmi 5 (Gold, 64 GB)","₹10,990",Same as Sale Price,4.3,No Offer,"4,945", 334
"Redmi 6A (Black, 16 GB)","₹6,399",Same as Sale Price,4.3,No Offer,"57,132"," 3,902"
"Redmi 6A (Rose Gold, 16 GB)","₹6,999",Same as Sale Price,4.3,No Offer,"57,132"," 3,902"
"Redmi Note 9 Pro (Glacier White, 64 GB)","₹16,999",Same as Sale Price,4.3,No Offer,"26,623"," 1,827"
"Redmi Y3 (Elegant Blue, 64 GB)","₹9,940","₹10,649",4.3,6% off,"3,510", 248
"Redmi Y3 (Prime Black, 32 GB)","₹8,999",Same as Sale Price,4.4,No Offer,"21,031"," 1,566"
"Redmi 5 (Rose Gold, 32 GB)","₹9,949",Same as Sale Price,4.3,No Offer,"6,517", 513
"�9A (Midnight Black, 32 GB)","₹9,499",Same as Sale Price,No Ratings,No Offer,No_Ratings,
"Redmi 5 (Black, 16 GB)","₹7,490","₹7,949",4.3,5% off,"4,303", 381
"Redmi Note 8 (Neptune Blue, 32 GB)","₹11,990",Same as Sale Price,4.4,No Offer,418, 24
"Redmi 6A (Blue, 16 GB)","₹5,990",Same as Sale Price,4.3,No Offer,"57,132"," 3,902"
"Mi A2 (Gold, 128 GB)","₹16,990",Same as Sale Price,4.1,No Offer,"3,217", 291
"Redmi Note 8 (Neptune Blue, 32 GB)","₹11,990",Same as Sale Price,4.4,No Offer,418, 24
"Redmi 6A (Blue, 16 GB)","₹5,990",Same as Sale Price,4.3,No Offer,"57,132"," 3,902"
"Mi A2 (Gold, 128 GB)","₹16,990",Same as Sale Price,4.1,No Offer,"3,217", 291
"Redmi Y1 lite (Grey, 16 GB)","₹7,499",Same as Sale Price,4.2,No Offer,"3,415", 289
"Redmi 6A (Rose Gold, 32 GB)","₹6,999","₹7,990",4.3,12% off,"57,132"," 3,902"
"Mi A2 (Lake Blue, 128 GB)","₹11,999",Same as Sale Price,4.1,No Offer,"3,217", 291
"Redmi 4 (Black, 32 GB)","₹9,480",Same as Sale Price,4.2,No Offer,"8,376", 785
"Mi 10T (Lunar Silver, 128 GB)","₹39,999",Same as Sale Price,4.2,No Offer,"4,018", 564
"Mi 10 (Twilight Grey, 256 GB)","₹59,999",Same as Sale Price,4.1,No Offer,334, 37
"Redmi Y1 (Gold, 32 GB)","₹8,999",Same as Sale Price,4.3,No Offer,"20,126"," 1,714"
"Mi 10 (Coral Green, 256 GB)","₹54,999","₹59,999",4.1,8% off,334, 37
"Mi 10 (Twilight Grey, 128 GB)","₹54,999",Same as Sale Price,4.1,No Offer,334, 37
"REDMI 10A (Sea Blue, 32 GB)","₹9,490",Same as Sale Price,4.1,No Offer,737, 52
"REDMI 10 Prime (Bifrost Blue, 128 GB)","₹12,999","₹16,999",4.2,23% off,"10,036", 735
"REDMI 9 Activ (Carbon Black, 64 GB)","₹8,299",Same as Sale Price,4.2,No Offer,"8,993", 640
"REDMI Note 11T 5G (Aquamarine Blue, 128 GB)","₹17,090",Same as Sale Price,4.2,No Offer,130, 10
"REDMI 9 Activ (Metallic Purple, 64 GB)","₹8,981",Same as Sale Price,4.2,No Offer,"8,993", 640
"REDMI 9 Activ (Coral Green, 64 GB)","₹8,999",Same as Sale Price,4.2,No Offer,"8,993", 640
"REDMI Note 9 Pro Max (Champagne Gold, 64 GB)","₹18,999",Same as Sale Price,4.4,No Offer,"41,198"," 3,304"
"REDMI 11 Prime 5G (Chrome Silver, 128 GB)","₹15,900",Same as Sale Price,4.2,No Offer,165, 14
"REDMI 11 Prime 5G (Thunder Black, 128 GB)","₹15,990",Same as Sale Price,4.2,No Offer,165, 14
"REDMI 11 Prime 5G (Meadow Green, 128 GB)","₹15,990",Same as Sale Price,4.2,No Offer,165, 14
"REDMI Note 11S (Horizon Blue, 128 GB)","₹16,999",Same as Sale Price,4.2,No Offer,865, 84
"REDMI Note 10T 5G (Chromium White, 128 GB)","₹14,999","₹18,999",4.2,21% off,"30,750"," 2,386"
"REDMI Note 11S (Horizon Blue, 128 GB)","₹16,990",Same as Sale Price,4.2,No Offer,865, 84
"REDMI 10A (Slate Grey, 32 GB)","₹7,999",Same as Sale Price,4.1,No Offer,737, 52
"REDMI 10A (Slate Grey, 32 GB)","₹7,999",Same as Sale Price,4.1,No Offer,737, 52
"REDMI Note 10 Pro (Dark Night, 128 GB)","₹17,999","₹19,999",4.3,10% off,"41,572"," 3,892"
"REDMI 9A Sport (Carbon Black, 32 GB)","₹6,999",Same as Sale Price,No Ratings,No Offer,No_Ratings,
"REDMI Note 11S (Polar White, 128 GB)","₹16,999",Same as Sale Price,4.2,No Offer,865, 84
"REDMI Note 11S (Polar White, 128 GB)","₹16,799",Same as Sale Price,4.2,No Offer,865, 84
"REDMI 9 Prime (Space Blue, 128 GB)","₹13,999",Same as Sale Price,4.4,No Offer,"2,26,780"," 15,262"
"REDMI Note 9 (Scarlet Red, 64 GB)","₹11,856","₹12,964",4.3,8% off,"1,23,446"," 9,425"
"REDMI Note 11s (Space Black, 128 GB)","₹15,990",Same as Sale Price,4.2,No Offer,865, 84
"REDMI Note 9 Pro Max (Interstellar Black, 64 GB)","₹18,999",Same as Sale Price,4.4,No Offer,"41,198"," 3,304"
"REDMI Note 11T 5G (Matte black, 128 GB)","₹22,800",Same as Sale Price,4.2,No Offer,130, 10
"REDMI Note 11S (Polar White, 64 GB)","₹16,000",Same as Sale Price,4.3,No Offer,"2,075", 168
"REDMI Note 11S (Horizon Blue, 128 GB)","₹14,745",Same as Sale Price,4.3,No Offer,"2,075", 168
"REDMI Note 11S (Horizon Blue, 64 GB)","₹16,000",Same as Sale Price,4.3,No Offer,"2,075", 168
"REDMI 9 Prime (Sunrise Flare, 64 GB)","₹10,499","₹11,999",4.4,12% off,"2,26,780"," 15,262"
"REDMI Note 10 Pro (Dark Nebula, 128 GB)","₹17,999","₹19,999",4.3,10% off,"41,572"," 3,892"
"REDMI 10 Prime (Bifrost Blue, 64 GB)","₹10,499",Same as Sale Price,4.2,No Offer,"11,767", 889
"REDMI Note 10 Lite (Interstellar Black, 128 GB)","₹13,990",Same as Sale Price,4.3,No Offer,"2,093", 165
"REDMI Note 11S (Space Black, 64 GB)","₹16,495",Same as Sale Price,4.3,No Offer,"2,075", 168
"REDMI Note 11S (Polar White, 128 GB)","₹17,945",Same as Sale Price,4.3,No Offer,"2,075", 168
"REDMI Note 11S (Space Black, 128 GB)","₹16,995",Same as Sale Price,4.3,No Offer,"2,075", 168
"REDMI 9 Prime (Mint Green, 64 GB)","₹10,499","₹11,999",4.4,12% off,"2,26,780"," 15,262"
"REDMI Note 10T 5G (Graphite Black, 64 GB)","₹12,999","₹16,999",4.3,23% off,"44,058"," 3,195"
"REDMI Note 10 Pro (Dark Night, 128 GB)","₹21,900",Same as Sale Price,4.3,No Offer,"2,620", 207
"Xiaomi 11i 5G (Purple Mist, 128 GB)","₹26,999","₹31,999",4.2,15% off,"20,305"," 2,574"
"Redmi Note 5 Pro (Gold, 64 GB)","₹14,999",Same as Sale Price,4.5,No Offer,"11,71,973"," 1,22,566"
"REDMI Note 12 Pro+ 5G (Obsidian Black, 256 GB)","₹29,999","₹33,999",No Ratings,11% off,No_Ratings,
"Redmi 4A (Gold, 32 GB)","₹6,999",Same as Sale Price,4.4,No Offer,"2,10,181"," 32,086"
"REDMI Note 11 Pro (Star Blue, 128 GB)","₹20,858","₹21,299",4.1,2% off,620, 43
"Mi 10i (Midnight Black, 128 GB)","₹21,975","₹24,198",4.3,9% off,"2,997", 231
"Mi 10i (Pacific Sunrise, 128 GB)","₹25,429",Same as Sale Price,4.3,No Offer,"1,613", 112
"Mi A1 (Black, 64 GB)","₹14,599","₹14,999",4.4,2% off,"4,70,903"," 72,245"
"Redmi 9A Sport (Coral Green, 32 GB)","₹7,389","₹7,989",4.2,7% off,"5,850", 437
"Redmi Go (Black, 16 GB)","₹5,049","₹5,999",4.3,15% off,"1,67,651"," 13,194"
"Mi 10i (Midnight Black, 128 GB)","₹24,215","₹25,918",4.3,6% off,"1,613", 112
"Redmi 5 (Lake Blue, 32 GB)","₹9,800",Same as Sale Price,4.3,No Offer,"6,517", 513
"Redmi 5 (Lake Blue, 16 GB)","₹8,498",Same as Sale Price,4.3,No Offer,"4,303", 381
"Redmi 5 (Gold, 16 GB)","₹8,498",Same as Sale Price,4.3,No Offer,"4,303", 381
"Redmi K20 Pro (Glacier Blue, 256 GB)","₹31,999",Same as Sale Price,4.5,No Offer,"15,333"," 2,059"
"Redmi Note 5 (Rose Gold, 32 GB)","₹10,999",Same as Sale Price,4.4,No Offer,"3,54,616"," 43,025"
"Mi Max (Silver, 32 GB)","₹14,999",Same as Sale Price,4.3,No Offer,"18,749"," 4,054"
"Redmi Note 11 PRO Plus 5G (Stealth Black, 128 GB)","₹20,999",Same as Sale Price,4.2,No Offer,"5,281", 456
"Redmi Note 11 PRO Plus 5G (Phantom White, 128 GB)","₹21,490","₹23,490",4.2,8% off,"2,551", 238
"11 Lite NE (Vinyl Black, 128 GB)","₹23,990","₹24,400",3.9,1% off,32, 4
"Redmi 5 (Black, 64 GB)","₹11,990",Same as Sale Price,4.3,No Offer,"4,945", 334
"Redmi Note 5 Pro (Black, 64 GB)","₹14,999",Same as Sale Price,4.5,No Offer,"11,71,973"," 1,22,566"
"Redmi 7A (Matte Gold, 16 GB)","₹6,499",Same as Sale Price,4.3,No Offer,"3,88,888"," 28,158"
"Mi Max (Dark Grey, 32 GB)","₹14,999",Same as Sale Price,4.3,No Offer,"18,749"," 4,054"
"Redmi 5 (Rose Gold, 64 GB)","₹11,999",Same as Sale Price,4.3,No Offer,"4,945", 334
"Redmi 5 (Rose Gold, 16 GB)","₹7,498",Same as Sale Price,4.3,No Offer,"4,303", 381
"Xiaomi 11i 5G (Stealth Black, 128 GB)","₹26,999","₹31,999",4.2,15% off,"20,305"," 2,574"
"REDMI Note 10 Pro (Dark Night, 64 GB)","₹15,890",Same as Sale Price,4.3,No Offer,"41,572"," 3,892"
"REDMI Note 11 Pro (Phantom White, 128 GB)","₹18,389","₹18,689",4.2,1% off,963, 80
"Redmi 3S (Dark Grey, 16 GB)","₹6,999",Same as Sale Price,4.3,No Offer,"2,11,206"," 39,631"
"Mi A2 (Red, 64 GB)","₹9,999",Same as Sale Price,4.2,No Offer,"34,800"," 2,908"
"REDMI Note 11S (Polar White, 128 GB)","₹16,495",Same as Sale Price,4.3,No Offer,"2,075", 168
"REDMI Note 10 Pro (Glacial Blue, 128 GB)","₹17,990","₹20,708",4.3,13% off,"2,620", 207
"REDMI Note 11 Pro (Stealth Black, 128 GB)","₹18,800","₹19,399",4.2,3% off,963, 80
"Redmi Note 5 (Black, 32 GB)","₹10,999",Same as Sale Price,4.4,No Offer,"3,54,616"," 43,025"
"Mi 10i (Atlantic Blue, 64 GB)","₹21,999",Same as Sale Price,4.3,No Offer,"2,997", 231
"REDMI Note 10 Pro (Dark Nebula, 128 GB)","₹21,990",Same as Sale Price,4.3,No Offer,"2,620", 207
"Mi 4i (White, 16 GB)","₹12,999",Same as Sale Price,4.2,No Offer,"80,867"," 8,835"
"Redmi Note 7 Pro (Moonlight White, 64 GB)","₹15,999",Same as Sale Price,4.5,No Offer,"8,50,689"," 72,355"
"Redmi K20 Pro (Glacier Blue, 128 GB)","₹28,999",Same as Sale Price,4.5,No Offer,"83,313"," 9,977"
"Mi A2 (Black, 128 GB)","₹13,999",Same as Sale Price,4.1,No Offer,"3,217", 291
"REDMI Note 11S (Polar White, 128 GB)","₹20,999",Same as Sale Price,4.3,No Offer,"2,075", 168
"REDMI Note 12 Pro 5G (Glacier Blue, 256 GB)","₹27,999","₹31,999",No Ratings,12% off,No_Ratings,
"Redmi 3S Prime (Silver, 32 GB)","₹8,490",Same as Sale Price,4.3,No Offer,"4,75,946"," 87,156"
"Mi 11X (Lunar White, 128 GB)","₹24,449","₹25,499",4.2,4% off,"2,772", 268
"REDMI Note 12 Pro 5G (Stardust Purple, 256 GB)","₹27,999","₹31,999",No Ratings,12% off,No_Ratings,
"Redmi Note 7 (Sapphire Blue, 64 GB)","₹14,999",Same as Sale Price,4.5,No Offer,"1,78,652"," 16,513"
"REDMI 9 Power (Blazing Blue, 128 GB)","₹16,999",Same as Sale Price,4.3,No Offer,"48,609"," 3,738"
"REDMI K50i 5G (Stealth Black, 128 GB)","₹31,999",Same as Sale Price,4.2,No Offer,840, 121
"REDMI 11 Prime (Peppy Purple, 128 GB)","₹15,999",Same as Sale Price,3.5,No Offer,11, 1
"REDMI 11 Prime (Playful Green, 128 GB)","₹15,999",Same as Sale Price,3.5,No Offer,11, 1
"REDMI 11 Prime (FlashyBlack, 128 GB)","₹15,999",Same as Sale Price,3.5,No Offer,11, 1
"REDMI Note 10 (Shadow Black, 64 GB)","₹12,999","₹13,996",4.3,7% off,"13,355"," 1,079"
"SPICE Fire One Mi-FX1 (White, 256 MB)","₹2,090",Same as Sale Price,3,No Offer,151, 25
"REDMI 10 Prime 2022 (Phantom Black, 128 GB)","₹16,999",Same as Sale Price,4.2,No Offer,"2,993", 215
"REDMI Note 10 (Aqua Green, 128 GB)","₹14,990","₹16,499",4.3,9% off,"7,390", 540
"REDMI Note 9 Pro Max (Aurora Blue, 128 GB)","₹22,999",Same as Sale Price,4.4,No Offer,"1,554", 117
"REDMI 9 Power (Blazing Blue, 128 GB)","₹15,999",Same as Sale Price,4.3,No Offer,"2,41,621"," 17,036"
"SPICE Stellar Mi-285 (Black, 150 MB)","₹7,249",Same as Sale Price,3.2,No Offer,33, 20
"SPICE Mi-425 (White, 140 MB)","₹9,999",Same as Sale Price,4.1,No Offer,101, 52
"SPICE Stellar 361 (White, 512 MB)","₹3,999",Same as Sale Price,3.3,No Offer,60, 10
"REDMI 8A Dual (Sea Blue, 32 GB)","₹7,549","₹8,499",4.3,11% off,"57,044"," 4,168"
"SPICE Smart Flo Mi-351 (White, 512 MB)","₹4,499",Same as Sale Price,1.8,No Offer,14, 6
"REDMI Note 11T 5G (Matte black, 128 GB)","₹17,250",Same as Sale Price,4.2,No Offer,130, 10
"SPICE Stellar Buddy Mi-315 (White, 170 MB)","₹4,999",Same as Sale Price,4.2,No Offer,14, 7
"SPICE Stellar Horizon Mi-500 (White, 4 GB)","₹15,999",Same as Sale Price,4.2,No Offer,58, 32
SPICE Mi-720 (155 MB),"₹13,299",Same as Sale Price,No Ratings,No Offer,No_Ratings,
"SPICE MI-280 (Silver, 134 MB)","₹5,999",Same as Sale Price,4,No Offer,43, 16
"SPICE Mi-320 (Black, 512 MB)","₹6,199",Same as Sale Price,3.5,No Offer,12, 3
SPICE Mi-350,"₹9,299",Same as Sale Price,4,No Offer,47, 24
"SPICE Mi-310 (Brown, 85 MB)","₹8,625",Same as Sale Price,3,No Offer,20, 5
"SPICE Mi-495 (Black, 4 GB)","₹12,499",Same as Sale Price,3.7,No Offer,37, 20
"SPICE Smart Flo Pace Mi-422 (White, 512 MB)","₹5,999",Same as Sale Price,3.7,No Offer,26, 6
"SPICE Mi-515 Coolpad (Blue, 4 GB)","₹13,990",Same as Sale Price,4.1,No Offer,56, 29
"SPICE Coolpad 2 Mi-496 (White, 4 GB)","₹11,990",Same as Sale Price,3.3,No Offer,51, 18
"SPICE Smart Flo Ivory Mi-450 (White, 512 MB)","₹6,999",Same as Sale Price,3.6,No Offer,25, 10
SPICE Mi-270 (Black),"₹5,325",Same as Sale Price,3.7,No Offer,145, 43
SPICE Mi-270,"₹5,325",Same as Sale Price,3.2,No Offer,20, 8
"SPICE Mi-435 Stellar Nhance (White Black, 2 GB)","₹10,099",Same as Sale Price,3.9,No Offer,48, 26
"SPICE Smart Flo Pace 2 Mi-502 (White, 512 MB)","₹8,990",Same as Sale Price,3.6,No Offer,24, 8
"SPICE Smart Flo Pace 2 Mi-502 (Blue, 512 MB)","₹8,990",Same as Sale Price,3.6,No Offer,24, 8
"SPICE Stellar Virtuoso Pro Mi-491 (Black, 4 GB)","₹8,999",Same as Sale Price,4,No Offer,7, 0
"REDMI Note 10 Pro Max (Vintage Bronze, 128 GB)","₹22,099",Same as Sale Price,4.3,No Offer,"1,838", 140
"REDMI 9 Prime (Sunrise Flare, 128 GB)","₹13,999",Same as Sale Price,4.4,No Offer,"2,26,780"," 15,262"
"SPICE Fire One Mi-FX1 (Orange, 256 MB)","₹2,090",Same as Sale Price,3,No Offer,151, 25
"SPICE Fire One Mi-FX1 (Black, 256 MB)","₹2,090",Same as Sale Price,3,No Offer,151, 25
